dataset,n,negative_n,positive_n,positive_prevalence
primary_balanced_development,70692,35346,35346,0.5
natural_prevalence_2015,253680,218334,35346,0.13933301797540207
external_temporal,230759,197191,33568,0.14546778240501995
