split,n,positive_n,positive_prevalence
train,56553,28277,0.5000088412639471
internal_test,14139,7069,0.49996463682014286
natural_prevalence_2015,253680,35346,0.13933301797540207
