threshold,accuracy,balanced_accuracy,precision,recall_sensitivity,specificity,f1_score,roc_auc,brier_score,ece_10bin,true_negative,false_positive,false_negative,true_positive,false_positive_rate,false_negative_rate,predicted_positive_rate,n,positive_prevalence,calibration_intercept,calibration_slope,dataset,model,threshold_strategy
0.5,0.7099511988117971,0.7099548039600758,0.6905006418485238,0.7609279954731928,0.658981612446959,0.7240056531395114,0.7808667163020082,0.18992930787225298,0.009114451311774744,4659,2411,1690,5379,0.34101838755304104,0.23907200452680719,0.5509583421741283,14139,0.49996463682014286,0.003141472321042601,1.005173411512302,primary_balanced_internal_test,XGBoost + isotonic calibration,default_0_50
0.53,0.7070514180635122,0.7070522669751768,0.7021688078463876,0.7190550289998585,0.695049504950495,0.7105116019010344,0.7808667163020082,0.18992930787225298,0.009114451311774744,4914,2156,1986,5083,0.30495049504950494,0.2809449710001415,0.511988117971568,14139,0.49996463682014286,0.003141472321042601,1.005173411512302,primary_balanced_internal_test,XGBoost + isotonic calibration,youden_j
0.35000000000000003,0.6834288139189476,0.6834438389982118,0.6287104139779609,0.8958834347149526,0.471004243281471,0.7388869443472174,0.7808667163020082,0.18992930787225298,0.009114451311774744,3330,3740,736,6333,0.5289957567185289,0.1041165652850474,0.7124266214017965,14139,0.49996463682014286,0.003141472321042601,1.005173411512302,primary_balanced_internal_test,XGBoost + isotonic calibration,recall_at_least_80
